{
    "Short pp": {
        "timestamp": 1772894566.6378858,
        "data": {
            "username": "Short pp",
            "ehp": 1267.85901,
            "ehb": 193.9412300000001,
            "ehp_bonus": 680.6758500000005,
            "ehb_bonus": 128.30293800000058
        }
    },
    "dumblezore": {
        "timestamp": 1772894571.1638958,
        "data": {
            "username": "dumblezore",
            "ehp": 478.1060199999999,
            "ehb": 305.71217,
            "ehp_bonus": 470.02768199999934,
            "ehb_bonus": 221.5596780000002
        }
    },
    "Bvrn": {
        "timestamp": 1772894573.257897,
        "data": {
            "username": "Bvrn",
            "ehp": 777.9417599999999,
            "ehb": 228.70599,
            "ehp_bonus": 81.59567399999973,
            "ehb_bonus": 33.899238
        }
    },
    "Sebuoooze": {
        "timestamp": 1772894575.8829777,
        "data": {
            "username": "Sebuoooze",
            "ehp": 386.0259599999999,
            "ehb": 190.5046800000001,
            "ehp_bonus": 1054.9664279999995,
            "ehb_bonus": 825.0973200000008
        }
    },
    "isool": {
        "timestamp": 1772894579.7028878,
        "data": {
            "username": "isool",
            "ehp": 437.7104600000001,
            "ehb": 98.27312999999998,
            "ehp_bonus": 999.1002960000013,
            "ehb_bonus": 178.01738999999984
        }
    },
    "tetsu luna": {
        "timestamp": 1772894584.2264566,
        "data": {
            "username": "tetsu luna",
            "ehp": 639.30075,
            "ehb": 237.46202,
            "ehp_bonus": 1031.4085140000007,
            "ehb_bonus": 235.84370399999995
        }
    },
    "Frogborne": {
        "timestamp": 1772894586.5044248,
        "data": {
            "username": "Frogborne",
            "ehp": 720.04977,
            "ehb": 151.4694199999999,
            "ehp_bonus": 1310.4678780000002,
            "ehb_bonus": 455.46985799999914
        }
    },
    "MtCaramel": {
        "timestamp": 1772894589.8484802,
        "data": {
            "username": "MtCaramel",
            "ehp": 671.0862900000001,
            "ehb": 78.51925,
            "ehp_bonus": 1094.414688000002,
            "ehb_bonus": 234.7536059999997
        }
    },
    "Crumpell": {
        "timestamp": 1772894592.1645415,
        "data": {
            "username": "Crumpell",
            "ehp": 743.92521,
            "ehb": 41.76785,
            "ehp_bonus": 2406.5613719999983,
            "ehb_bonus": 136.89383400000006
        }
    },
    "Feel My Nads": {
        "timestamp": 1772894594.6165137,
        "data": {
            "username": "Feel My Nads",
            "ehp": 498.8324,
            "ehb": 86.06482,
            "ehp_bonus": 207.18871200000004,
            "ehb_bonus": 77.1377580000001
        }
    },
    "Faeresi": {
        "timestamp": 1772894596.5525348,
        "data": {
            "username": "Faeresi",
            "ehp": 568.96625,
            "ehb": 63.08989999999999,
            "ehp_bonus": 996.2885339999991,
            "ehb_bonus": 148.9127579999998
        }
    },
    "Scimy Turner": {
        "timestamp": 1772894598.5671272,
        "data": {
            "username": "Scimy Turner",
            "ehp": 395.31161,
            "ehb": 48.06806,
            "ehp_bonus": 51.15108599999893,
            "ehb_bonus": 15.260904000000009
        }
    },
    "Athcident": {
        "timestamp": 1772894600.9998868,
        "data": {
            "username": "Athcident",
            "ehp": 242.81597,
            "ehb": 44.50602000000001,
            "ehp_bonus": 434.6195939999999,
            "ehb_bonus": 23.238450000000018
        }
    },
    "IronMonteCRS": {
        "timestamp": 1772894603.679042,
        "data": {
            "username": "IronMonteCRS",
            "ehp": 394.5308099999999,
            "ehb": 42.44091,
            "ehp_bonus": 638.7337979999992,
            "ehb_bonus": 122.91584400000005
        }
    },
    "BeanSmackr": {
        "timestamp": 1772894605.9750497,
        "data": {
            "username": "BeanSmackr",
            "ehp": 390.6061,
            "ehb": 73.92092000000002,
            "ehp_bonus": 967.1902919999997,
            "ehb_bonus": 355.8308940000002
        }
    },
    "Huzzima": {
        "timestamp": 1772894608.242214,
        "data": {
            "username": "Huzzima",
            "ehp": 290.5755399999999,
            "ehb": 98.81097999999999,
            "ehp_bonus": 363.23389799999904,
            "ehb_bonus": 614.3897159999999
        }
    },
    "windbtw1217": {
        "timestamp": 1772894610.5792413,
        "data": {
            "username": "windbtw1217",
            "ehp": 311.80577,
            "ehb": 20.69477,
            "ehp_bonus": 807.0917579999996,
            "ehb_bonus": 103.73761799999997
        }
    },
    "lloyd gross": {
        "timestamp": 1772894612.4779623,
        "data": {
            "username": "lloyd gross",
            "ehp": 338.0549800000001,
            "ehb": 55.91592,
            "ehp_bonus": 727.6772520000011,
            "ehb_bonus": 218.31876000000003
        }
    },
    "Pyroooze": {
        "timestamp": 1772894614.5896797,
        "data": {
            "username": "Pyroooze",
            "ehp": 136.54635,
            "ehb": 69.70901,
            "ehp_bonus": 147.04802999999995,
            "ehb_bonus": 194.134032
        }
    },
    "elementforge": {
        "timestamp": 1772894617.3755498,
        "data": {
            "username": "elementforge",
            "ehp": 309.0583999999999,
            "ehb": 15.98735,
            "ehp_bonus": 422.94245399999835,
            "ehb_bonus": 56.31857999999998
        }
    },
    "IronWiilllyy": {
        "timestamp": 1772894619.4820948,
        "data": {
            "username": "IronWiilllyy",
            "ehp": 279.994,
            "ehb": 20.53404,
            "ehp_bonus": 975.0255840000003,
            "ehb_bonus": 137.363094
        }
    },
    "tofsvipan": {
        "timestamp": 1772894622.4081724,
        "data": {
            "username": "tofsvipan",
            "ehp": 131.96265,
            "ehb": 10.8602,
            "ehp_bonus": 289.19039399999986,
            "ehb_bonus": 67.70376
        }
    },
    "ya stal": {
        "timestamp": 1772894624.449963,
        "data": {
            "username": "ya stal",
            "ehp": 198.85922,
            "ehb": 1.68649,
            "ehp_bonus": 176.445702,
            "ehb_bonus": 0.42001200000000016
        }
    },
    "GimDraganas": {
        "timestamp": 1772894626.6314652,
        "data": {
            "username": "GimDraganas",
            "ehp": 57.05282,
            "ehb": 0.04545,
            "ehp_bonus": 120.55734000000005,
            "ehb_bonus": 0.40904999999999997
        }
    },
    "Behre": {
        "timestamp": 1772894628.5195878,
        "data": {
            "username": "Behre",
            "ehp": 50.39144,
            "ehb": 0.41515,
            "ehp_bonus": 6.334092000000013,
            "ehb_bonus": 1.1999879999999998
        }
    }
}